A,Z,isomeric_state,cumulative_yield_percent,uncertainty_percent
66,23,0,0.0,0.0
66,24,0,0.0,0.0
67,24,0,0.0,0.0
68,24,0,0.0,0.0
69,24,0,0.0,0.0
70,24,0,0.0,0.0
66,25,0,0.0,0.0
67,25,0,0.0,0.0
68,25,0,0.0,0.0
69,25,0,0.0,0.0
70,25,0,0.0,0.0
71,25,0,0.0,0.0
72,25,0,0.0,0.0
73,25,0,0.0,0.0
66,26,0,0.0,0.0
67,26,0,0.0,0.0
68,26,0,0.0,0.0
69,26,0,0.0,0.0
70,26,0,0.0,0.0
71,26,0,0.0,0.0
72,26,0,0.0,0.0
73,26,0,0.0,0.0
74,26,0,0.0,0.0
75,26,0,0.0,0.0
76,26,0,0.0,0.0
66,27,0,0.0,0.0
67,27,0,0.0,0.0
68,27,0,0.0,0.0
69,27,0,0.0,0.0
70,27,0,0.0,0.0
71,27,0,0.0,0.0
72,27,0,0.0,0.0
73,27,0,0.0,0.0
74,27,0,0.0,0.0
75,27,0,0.0,0.0
76,27,0,0.0,0.0
77,27,0,0.0,0.0
78,27,0,0.0,0.0
66,28,0,0.0,0.0
67,28,0,0.0,0.0
68,28,0,1e-06,0.0
69,28,0,1e-06,1e-06
70,28,0,3e-06,2e-06
71,28,0,4e-06,3e-06
72,28,0,8e-06,5e-06
73,28,0,7e-06,5e-06
74,28,0,5e-06,3e-06
75,28,0,2e-06,1e-06
76,28,0,1e-06,0.0
77,28,0,0.0,0.0
78,28,0,0.0,0.0
80,28,0,0.0,0.0
82,28,0,0.0,0.0
66,29,0,0.0,0.0
67,29,0,0.0,0.0
68,29,0,1e-06,0.0
68,29,1,0.0,0.0
69,29,0,2e-06,1e-06
70,29,0,2e-06,1e-06
70,29,1,2e-06,1e-06
71,29,0,8e-06,5e-06
72,29,0,2e-05,9e-06
73,29,0,5.4e-05,3.5e-05
74,29,0,7.3e-05,4.7e-05
75,29,0,0.000102,6.5e-05
76,29,0,8.3e-05,5.3e-05
77,29,0,4.5e-05,2.9e-05
78,29,0,1.1e-05,7e-06
79,29,0,0.0,0.0
80,29,0,0.0,0.0
81,29,0,0.0,0.0
82,29,0,0.0,0.0
83,29,0,0.0,0.0
66,30,0,0.0,0.0
67,30,0,0.0,0.0
68,30,0,1e-06,0.0
69,30,0,2e-06,1e-06
69,30,1,0.0,0.0
70,30,0,4e-06,1e-06
71,30,0,8e-06,4e-06
71,30,1,0.0,0.0
72,30,0,2.6e-05,3e-06
73,30,0,0.000101,6.5e-05
74,30,0,0.000324,0.000146
75,30,0,0.000869,9.6e-05
76,30,0,0.001921,0.001229
77,30,0,0.003188,0.00204
78,30,0,0.003576,0.001609
79,30,0,0.001639,0.000737
80,30,0,0.000242,0.000155
81,30,0,0.0,0.0
82,30,0,1.1e-05,7e-06
83,30,0,0.0,0.0
84,30,0,1e-06,1e-06
85,30,0,0.0,0.0
86,30,0,0.0,0.0
66,31,0,0.0,0.0
67,31,0,0.0,0.0
68,31,0,0.0,0.0
69,31,0,2e-06,1e-06
70,31,0,0.0,0.0
71,31,0,8e-06,3e-06
72,31,1,0.0,0.0
72,31,0,2.6e-05,1.7e-05
73,31,0,0.000102,4.6e-05
74,31,1,0.00025,0.00016
74,31,0,0.000275,0.000176
75,31,0,0.001062,0.00017
76,31,0,0.002967,0.000475
77,31,0,0.00727,0.0008
78,31,0,0.013876,0.00222
79,31,0,0.018728,0.00206
80,31,0,0.011948,0.002748
81,31,0,0.008177,0.001308
82,31,0,0.006273,0.004014
83,31,0,0.000192,0.000123
84,31,0,0.011068,0.007084
85,31,0,1e-06,0.0
86,31,0,3.3e-05,2.1e-05
87,31,0,0.0,0.0
88,31,0,0.0,0.0
66,32,0,0.0,0.0
67,32,0,0.0,0.0
68,32,0,0.0,0.0
69,32,0,0.0,0.0
70,32,0,0.0,0.0
71,32,0,0.0,0.0
71,32,1,0.0,0.0
72,32,0,2.6e-05,3e-06
73,32,0,0.000102,2.3e-05
73,32,1,0.000102,3.3e-05
74,32,0,0.000339,7.8e-05
75,32,0,0.001067,0.000171
75,32,1,4.7e-05,8e-06
76,32,0,0.003097,0.000248
77,32,0,0.002831,0.000906
77,32,1,0.006487,0.000714
78,32,0,0.020834,0.004792
79,32,1,0.012599,0.008063
79,32,0,0.029965,0.019177
80,32,0,0.11464,0.004586
81,32,0,0.134786,0.005391
82,32,0,0.131526,0.007892
83,32,0,0.04797,0.030701
84,32,0,0.030063,0.006914
85,32,0,0.002131,0.001364
86,32,0,0.628699,0.100592
87,32,0,0.002196,0.001405
88,32,0,5.2e-05,3.3e-05
89,32,0,0.0,0.0
90,32,0,0.0,0.0
91,32,0,0.0,0.0
69,33,0,0.0,0.0
71,33,0,0.0,0.0
72,33,0,0.0,0.0
73,33,0,0.0,0.0
74,33,0,0.0,0.0
74,33,1,0.0,0.0
75,33,0,0.001067,0.000117
76,33,0,0.0,0.0
77,33,0,0.00796,0.000876
78,33,0,0.020965,0.002306
79,33,0,0.044716,0.003577
80,33,0,0.128334,0.014117
81,33,0,0.195691,0.007828
82,33,0,0.260276,0.166576
82,33,1,0.027117,0.017355
83,33,0,0.340213,0.027217
84,33,1,0.098697,0.063166
84,33,0,0.127544,0.081629
85,33,0,0.218803,0.140034
86,33,0,0.552965,0.088474
87,33,0,0.052728,0.023728
88,33,0,0.12435,0.055958
89,33,0,0.000154,4.9e-05
90,33,0,3e-06,2e-06
91,33,0,0.0,0.0
92,33,0,0.0,0.0
93,33,0,0.0,0.0
72,34,0,0.0,0.0
73,34,0,0.0,0.0
73,34,1,0.0,0.0
74,34,0,0.0,0.0
75,34,0,0.0,0.0
76,34,0,0.0,0.0
77,34,0,0.00796,0.000637
77,34,1,2.4e-05,4e-06
78,34,0,0.020965,0.001677
79,34,0,0.044729,0.003578
79,34,1,0.044718,0.003577
80,34,0,0.128823,0.005153
81,34,0,0.203657,0.008146
81,34,1,0.006927,0.000762
82,34,0,0.324491,0.009086
83,34,0,0.265396,0.010616
83,34,1,0.25126,0.020101
84,34,0,0.966293,0.027056
85,34,0,0.556091,0.355898
85,34,1,0.493709,0.315974
86,34,0,1.36517,0.054607
87,34,0,0.760386,0.030416
88,34,0,0.392225,0.062756
89,34,0,0.048703,0.005357
90,34,0,0.012702,0.008129
91,34,0,0.000666,0.000426
92,34,0,4.2e-05,2.7e-05
93,34,0,2e-06,2e-06
94,34,0,0.0,0.0
95,34,0,0.0,0.0
96,34,0,0.0,0.0
75,35,0,0.0,0.0
77,35,0,0.0,0.0
77,35,1,0.0,0.0
78,35,0,0.0,0.0
79,35,0,0.044729,0.002684
79,35,1,0.0,0.0
80,35,0,0.0,0.0
80,35,1,0.0,0.0
81,35,0,0.203666,0.005703
82,35,0,5.4e-05,3.5e-05
82,35,1,1.6e-05,1e-05
83,35,0,0.536194,0.010724
84,35,0,0.984871,0.013788
84,35,1,0.016725,0.001338
85,35,0,1.28482,0.008994
86,35,0,1.59491,0.063796
86,35,1,0.231165,0.147945
87,35,0,2.03451,0.04069
88,35,0,1.77961,0.049829
89,35,0,1.08538,0.030391
90,35,0,0.564258,0.02257
91,35,0,0.224207,0.024663
92,35,0,0.026813,0.01716
93,35,0,0.003087,0.000988
94,35,0,0.000166,5.3e-05
95,35,0,3e-06,2e-06
96,35,0,2e-06,1e-06
97,35,0,0.0,0.0
98,35,0,0.0,0.0
77,36,0,0.0,0.0
78,36,0,0.0,0.0
79,36,1,0.0,0.0
79,36,0,0.0,0.0
80,36,0,0.0,0.0
81,36,0,0.0,0.0
81,36,1,0.0,0.0
82,36,0,5.5e-05,6e-06
83,36,0,0.536203,0.002681
83,36,1,0.536196,0.005362
84,36,0,1.00192,0.007013
85,36,0,0.283404,0.000992
85,36,1,1.29071,0.004517
86,36,0,1.96497,0.009825
87,36,0,2.55762,0.025576
88,36,0,3.55237,0.071047
89,36,0,4.51068,0.063149
90,36,0,4.86298,0.068082
91,36,0,3.35106,0.033511
92,36,0,1.67423,0.046878
93,36,0,0.488623,0.019545
94,36,0,0.086982,0.009568
95,36,0,0.007189,0.002301
96,36,0,0.037813,0.0242
97,36,0,3e-05,1.9e-05
98,36,0,0.001633,0.001045
99,36,0,0.0,0.0
100,36,0,1e-06,1e-06
101,36,0,0.0,0.0
79,37,0,0.0,0.0
81,37,0,0.0,0.0
83,37,0,0.0,0.0
84,37,0,0.0,0.0
85,37,0,1.31862,0.004615
86,37,1,3e-06,2e-06
86,37,0,6e-06,4e-06
87,37,0,2.56012,0.012801
88,37,0,3.57468,0.050045
89,37,0,4.71522,0.066013
90,37,0,4.49896,0.062985
90,37,1,1.24155,0.558697
91,37,0,5.57654,0.055765
92,37,0,4.81523,0.067413
93,37,0,3.55085,0.035508
94,37,0,1.64866,0.046163
95,37,0,0.770338,0.030814
96,37,0,0.206235,0.032998
97,37,0,0.037967,0.003037
98,37,0,0.003991,0.000639
99,37,0,4.7e-05,3e-05
100,37,0,0.034763,0.022248
101,37,0,2e-06,1e-06
102,37,0,0.0,0.0
103,37,0,0.0,0.0
83,38,0,0.0,0.0
84,38,0,0.0,0.0
85,38,1,0.0,0.0
85,38,0,0.0,0.0
86,38,0,6e-06,4e-06
87,38,0,2.56012,0.012801
87,38,1,0.0,0.0
88,38,0,3.57475,0.025023
89,38,0,4.73274,0.047327
90,38,0,5.78194,0.057819
91,38,0,5.8275,0.058275
92,38,0,5.93787,0.08313
93,38,0,6.23749,0.062375
94,38,0,6.06287,0.08488
95,38,0,5.27009,0.073781
96,38,0,3.75558,0.075111
97,38,0,1.74908,0.048974
98,38,0,0.811552,0.048693
99,38,0,0.133205,0.014652
100,38,0,0.042914,0.00987
101,38,0,0.004488,0.002019
102,38,0,0.000173,7.8e-05
103,38,0,2e-06,1e-06
104,38,0,0.0,0.0
105,38,0,0.0,0.0
106,38,0,0.0,0.0
107,38,0,0.0,0.0
108,38,0,0.0,0.0
85,39,0,0.0,0.0
87,39,0,0.0,0.0
88,39,0,0.0,0.0
89,39,0,4.73274,0.047327
89,39,1,0.000473,5e-06
90,39,1,4e-06,3e-06
90,39,0,5.78194,3.70044
91,39,1,3.38012,2.16327
91,39,0,5.82783,3.72981
92,39,0,6.00935,0.060094
93,39,1,2.21251,1.416
93,39,0,6.34616,4.06154
94,39,0,6.4527,0.064527
95,39,0,6.37549,0.382529
96,39,0,5.99955,0.959928
96,39,1,2.01958,0.908812
97,39,1,0.0,0.0
97,39,0,4.88949,1.12458
98,39,0,1.91787,0.44111
98,39,1,1.10649,0.354077
99,39,0,2.08236,0.124942
100,39,0,0.610305,0.390595
101,39,0,0.28249,0.022599
102,39,0,0.268152,0.171617
103,39,0,0.002585,0.001654
104,39,0,0.000568,0.000363
105,39,0,0.0,0.0
106,39,0,0.0,0.0
107,39,0,0.0,0.0
108,39,0,0.0,0.0
109,39,0,0.0,0.0
110,39,0,0.0,0.0
87,40,0,0.0,0.0
88,40,0,0.0,0.0
89,40,0,0.0,0.0
90,40,1,0.0,0.0
90,40,0,5.78194,3.70044
91,40,0,5.82783,0.040795
92,40,0,6.02125,0.042149
93,40,0,6.34629,0.044424
94,40,0,6.4722,0.045305
95,40,0,6.50274,0.091038
96,40,0,6.33924,0.063392
97,40,0,5.9836,0.119672
98,40,0,5.63561,1.29619
99,40,0,5.62937,0.619231
100,40,0,5.58157,1.7861
101,40,0,3.07031,0.085969
102,40,0,2.04949,0.225443
103,40,0,0.501454,0.32093
104,40,0,0.083355,0.009169
105,40,0,0.115837,0.074136
106,40,0,2e-06,1e-06
107,40,0,0.0,0.0
108,40,0,0.0,0.0
109,40,0,0.0,0.0
110,40,0,0.0,0.0
111,40,0,0.0,0.0
112,40,0,0.0,0.0
89,41,0,0.0,0.0
90,41,0,0.0,0.0
91,41,0,0.0,0.0
92,41,0,0.0,0.0
93,41,0,6.34629,0.044424
93,41,1,6.02898,0.042203
94,41,0,0.0,0.0
94,41,1,0.0,0.0
95,41,0,6.50287,0.09104
95,41,1,0.065052,0.000911
96,41,0,0.000544,0.000348
97,41,0,5.9968,0.059968
97,41,1,5.62703,0.112541
98,41,0,5.75124,1.32279
98,41,1,0.038549,0.024671
99,41,0,3.97053,0.238232
99,41,1,2.09539,0.083816
100,41,0,3.10969,0.995101
100,41,1,3.10969,0.995101
101,41,0,4.98655,0.099731
102,41,1,0.78944,0.505242
102,41,0,2.83893,1.81691
103,41,0,1.91189,0.305903
104,41,1,0.285216,0.182538
104,41,0,0.36968,0.236595
105,41,0,0.25319,0.081021
106,41,0,0.015739,0.010073
107,41,0,0.002314,0.001481
108,41,0,9e-05,5.8e-05
109,41,0,0.000484,0.00031
110,41,0,1.5e-05,1e-05
111,41,0,0.0,0.0
112,41,0,0.0,0.0
113,41,0,0.0,0.0
114,41,0,0.0,0.0
90,42,0,0.0,0.0
91,42,0,0.0,0.0
92,42,0,0.0,0.0
93,42,1,0.0,0.0
93,42,0,0.0,0.0
94,42,0,0.0,0.0
95,42,0,6.50287,0.04552
96,42,0,0.000544,0.000348
97,42,0,5.9968,0.041978
98,42,0,5.78989,0.040529
99,42,0,6.10873,0.085522
100,42,0,6.29233,0.044046
101,42,0,5.17239,0.103448
102,42,0,4.27936,0.47073
103,42,0,2.94874,0.176925
104,42,0,1.78773,0.071509
105,42,0,0.915701,0.054942
106,42,0,0.374781,0.022487
107,42,0,0.123755,0.079203
108,42,0,0.030294,0.019388
109,42,0,0.016011,0.010247
110,42,0,0.003902,0.002497
111,42,0,0.000228,0.000146
112,42,0,1e-05,6e-06
113,42,0,0.0,0.0
114,42,0,0.0,0.0
115,42,0,0.0,0.0
116,42,0,0.0,0.0
117,42,0,0.0,0.0
93,43,0,0.0,0.0
95,43,0,0.0,0.0
95,43,1,0.0,0.0
97,43,1,0.0,0.0
97,43,0,0.0,0.0
98,43,0,1e-06,1e-06
99,43,0,6.10873,0.061087
99,43,1,5.37569,0.07526
100,43,0,6e-06,4e-06
101,43,0,5.17255,0.072416
102,43,0,0.224,0.03584
102,43,1,4.28892,0.471781
103,43,0,3.03091,0.181855
104,43,0,1.88037,0.037607
105,43,0,0.96416,0.077133
106,43,0,0.401547,0.04417
107,43,0,0.146187,0.09356
108,43,0,0.054082,0.005949
109,43,0,0.029433,0.00677
110,43,0,0.015541,0.009946
111,43,0,0.004719,0.00302
112,43,0,0.000695,0.000445
113,43,0,0.00014,9e-05
114,43,0,7e-06,4e-06
115,43,0,0.0,0.0
116,43,0,0.0,0.0
117,43,0,0.0,0.0
118,43,0,0.0,0.0
119,43,0,0.0,0.0
95,44,0,0.0,0.0
96,44,0,0.0,0.0
97,44,0,0.0,0.0
98,44,0,1e-06,0.0
99,44,0,6.10873,0.061087
100,44,0,6e-06,4e-06
101,44,0,5.17255,0.051726
102,44,0,4.29847,0.042985
103,44,0,3.03093,0.042433
104,44,0,1.88069,0.018807
105,44,0,0.96416,0.05785
106,44,0,0.401548,0.005622
107,44,0,0.146192,0.011695
108,44,0,0.054125,0.003248
109,44,1,0.000856,0.000548
109,44,0,0.030359,0.01943
110,44,0,0.02533,0.004053
111,44,0,0.016544,0.007445
112,44,0,0.010616,0.004777
113,44,0,0.006195,0.003965
114,44,0,0.001733,0.001109
115,44,0,0.000257,0.000164
116,44,0,2.5e-05,1.6e-05
117,44,0,3e-06,2e-06
118,44,0,0.0,0.0
119,44,0,0.0,0.0
120,44,0,0.0,0.0
121,44,0,0.0,0.0
122,44,0,0.0,0.0
124,44,0,0.0,0.0
99,45,0,0.0,0.0
101,45,0,0.0,0.0
101,45,1,0.0,0.0
102,45,0,0.0,0.0
102,45,1,0.0,0.0
103,45,0,3.03093,0.030309
103,45,1,3.00063,0.042009
104,45,0,0.0,0.0
104,45,1,0.0,0.0
105,45,0,0.96416,0.019283
105,45,1,0.260324,0.020826
106,45,0,0.401548,0.005622
106,45,1,0.0,0.0
107,45,0,0.146192,0.008771
108,45,0,0.054125,0.003248
108,45,1,0.0,0.0
109,45,0,0.03122,0.019981
109,45,1,0.015182,0.009716
110,45,0,0.025386,0.002031
110,45,1,5.6e-05,3.6e-05
111,45,0,0.017424,0.005576
112,45,0,0.012912,0.00142
113,45,0,0.013037,0.002999
114,45,0,0.00676,0.004326
115,45,0,0.003886,0.002487
116,45,0,0.000893,0.000571
117,45,0,0.000467,0.000299
118,45,0,3.6e-05,2.3e-05
119,45,0,2e-06,1e-06
120,45,0,2e-06,2e-06
121,45,0,0.0,0.0
122,45,0,0.0,0.0
123,45,0,0.0,0.0
124,45,0,0.0,0.0
99,46,0,0.0,0.0
101,46,0,0.0,0.0
102,46,0,0.0,0.0
103,46,0,0.0,0.0
104,46,0,0.0,0.0
105,46,0,0.96416,0.013498
106,46,0,0.401548,0.004015
107,46,0,0.146192,0.004093
107,46,1,0.0,0.0
108,46,0,0.054125,0.002165
109,46,0,0.03122,0.019981
109,46,1,0.0,0.0
110,46,0,0.025443,0.001018
111,46,0,0.017408,0.004004
111,46,1,8e-05,2.6e-05
112,46,0,0.013041,0.000782
113,46,0,0.0142,0.001136
114,46,0,0.010915,0.002511
115,46,0,0.011014,0.000661
116,46,0,0.007709,0.001234
117,46,0,0.009239,0.000739
118,46,0,0.003215,0.001029
119,46,0,0.000437,0.00028
120,46,0,0.002712,0.001736
121,46,0,4.7e-05,3e-05
122,46,0,5e-06,3e-06
123,46,0,0.0,0.0
124,46,0,0.0,0.0
125,46,0,0.0,0.0
126,46,0,0.0,0.0
127,46,0,0.0,0.0
128,46,0,0.0,0.0
129,46,0,0.0,0.0
130,46,0,0.0,0.0
103,47,0,0.0,0.0
105,47,0,0.0,0.0
105,47,1,0.0,0.0
106,47,0,0.0,0.0
106,47,1,0.0,0.0
107,47,0,0.146192,0.004093
107,47,1,0.0,0.0
108,47,1,0.0,0.0
108,47,0,0.0,0.0
109,47,1,0.031205,0.019971
109,47,0,0.031221,0.019981
110,47,0,0.0,0.0
110,47,1,0.0,0.0
111,47,0,0.017379,0.000695
111,47,1,0.017304,0.001903
112,47,0,0.013042,0.000783
113,47,0,0.01278,0.000767
113,47,1,0.001424,0.000157
114,47,0,0.011831,0.000946
115,47,0,0.008233,0.000494
115,47,1,0.004344,0.000695
116,47,0,0.008598,0.005503
116,47,1,0.00462,0.001478
117,47,0,0.006138,0.000491
117,47,1,0.006138,0.000491
118,47,0,0.007138,0.001642
118,47,1,0.004601,0.002944
119,47,0,0.007689,0.001769
120,47,1,0.000437,0.00028
120,47,0,0.003311,0.002119
121,47,0,0.002625,0.000604
122,47,1,0.000334,0.000214
122,47,0,0.000339,0.000217
123,47,0,0.000276,0.000177
124,47,0,0.000552,0.000353
125,47,0,0.0,0.0
126,47,0,0.0,0.0
127,47,0,0.0,0.0
128,47,0,0.0,0.0
129,47,0,0.0,0.0
130,47,0,7e-06,4e-06
131,47,0,0.0,0.0
105,48,0,0.0,0.0
106,48,0,0.0,0.0
107,48,0,0.0,0.0
108,48,0,0.0,0.0
109,48,0,0.0,0.0
110,48,0,0.0,0.0
111,48,0,0.017431,0.000488
111,48,1,0.0,0.0
112,48,0,0.013042,0.000522
113,48,0,0.014038,0.000562
113,48,1,0.000166,1.3e-05
114,48,0,0.011832,0.000473
115,48,0,0.011578,0.000695
115,48,1,0.001005,6e-05
116,48,0,0.013248,0.00053
117,48,0,0.009318,0.000559
117,48,1,0.003443,0.000551
118,48,0,0.011338,0.002608
119,48,0,0.006292,0.002013
119,48,1,0.006094,0.00195
120,48,0,0.011975,0.005389
121,48,1,0.003619,0.002316
121,48,0,0.006245,0.003997
122,48,0,0.012604,0.008067
123,48,0,0.010375,0.00664
124,48,0,0.012694,0.008124
125,48,0,0.005546,0.003549
126,48,0,0.008078,0.003635
127,48,0,0.008154,0.003669
128,48,0,0.003553,0.002274
129,48,0,1e-06,0.0
130,48,0,0.087805,0.056195
131,48,0,0.013778,0.008818
132,48,0,0.0,0.0
133,48,0,0.0,0.0
134,48,0,0.0,0.0
136,48,0,0.0,0.0
107,49,0,0.0,0.0
109,49,0,0.0,0.0
111,49,0,0.0,0.0
112,49,0,0.0,0.0
112,49,1,0.0,0.0
113,49,0,0.014204,0.000568
113,49,1,0.0,0.0
114,49,0,0.0,0.0
114,49,1,0.0,0.0
115,49,0,0.012155,0.000486
115,49,1,0.011578,0.000695
116,49,2,0.0,0.0
116,49,0,0.0,0.0
116,49,1,0.0,0.0
117,49,0,0.008199,0.000656
117,49,1,0.008607,0.000516
118,49,2,1e-06,1e-06
118,49,0,0.011343,0.001815
118,49,1,2e-06,1e-06
119,49,0,0.006881,0.001583
119,49,1,0.006308,0.002018
120,49,2,0.0,0.0
120,49,0,0.006303,0.00145
120,49,1,0.006303,0.00145
121,49,0,0.00617,0.003949
121,49,1,0.006569,0.004204
122,49,2,0.0,0.0
122,49,0,0.013861,0.008871
122,49,1,0.001257,0.000804
123,49,0,0.0119,0.002737
123,49,1,0.002637,0.000606
124,49,1,0.001695,0.001085
124,49,0,0.014389,0.009209
125,49,0,0.008605,0.001979
125,49,1,0.006387,0.000703
126,49,1,0.009726,0.006225
126,49,0,0.001648,0.001055
127,49,0,0.045247,0.007239
127,49,1,0.010332,0.002376
128,49,1,0.013147,0.008414
128,49,0,0.016696,0.010685
129,49,0,0.027539,0.008813
129,49,1,0.025341,0.004055
130,49,2,0.0,0.0
130,49,1,0.0,0.0
130,49,0,0.097225,0.031112
131,49,1,0.0,0.0
131,49,0,0.024897,0.007967
132,49,0,0.006227,8.7e-05
133,49,0,0.000171,0.000109
134,49,0,3e-06,2e-06
135,49,0,0.0,0.0
136,49,0,0.0,0.0
137,49,0,0.0,0.0
111,50,0,0.0,0.0
112,50,0,0.0,0.0
113,50,1,0.0,0.0
113,50,0,0.0,0.0
114,50,0,0.0,0.0
115,50,0,0.012583,0.000352
116,50,0,0.0,0.0
117,50,1,2.6e-05,1.7e-05
117,50,0,0.012761,0.008167
118,50,0,0.011345,0.000908
119,50,0,0.012873,0.00103
119,50,1,0.000344,7.9e-05
120,50,0,0.012608,0.001009
121,50,0,0.012884,0.008245
121,50,1,0.000725,0.000464
122,50,0,0.015483,0.001239
123,50,0,0.000804,0.000129
123,50,1,0.014847,0.000594
124,50,0,0.026775,0.002142
125,50,0,0.016038,0.000642
125,50,1,0.017954,0.001436
126,50,0,0.056143,0.004491
127,50,0,0.119477,0.007169
127,50,1,0.030391,0.009725
128,50,1,0.15049,0.096314
128,50,0,0.33161,0.21223
129,50,0,0.28239,0.022591
129,50,1,0.196869,0.007875
130,50,1,0.570434,0.365078
130,50,0,0.610716,0.390858
131,50,1,0.441722,0.282702
131,50,0,0.46405,0.296992
132,50,0,0.597717,0.016736
133,50,0,0.137891,0.062051
134,50,0,0.017697,0.011326
135,50,0,0.000627,0.000201
136,50,0,1.6e-05,1e-05
137,50,0,1.9e-05,1.2e-05
138,50,0,0.0,0.0
139,50,0,0.0,0.0
113,51,0,0.0,0.0
115,51,0,0.0,0.0
117,51,0,0.0,0.0
118,51,0,0.0,0.0
118,51,1,0.0,0.0
119,51,0,0.0,0.0
120,51,0,0.0,0.0
120,51,1,0.0,0.0
121,51,0,0.013046,0.000783
122,51,0,0.0,0.0
122,51,1,0.0,0.0
123,51,0,0.015657,0.000438
124,51,2,1e-06,1e-06
124,51,0,1e-05,6e-06
124,51,1,1e-06,1e-06
125,51,0,0.03402,0.000953
126,51,2,0.038475,0.024624
126,51,0,0.008751,0.0014
126,51,1,0.057862,0.004629
127,51,0,0.156958,0.006278
128,51,0,0.022834,0.014614
128,51,1,0.337975,0.216304
129,51,0,0.543329,0.007607
130,51,0,0.784944,0.502364
130,51,1,0.967467,0.619179
131,51,0,2.55646,0.071581
132,51,0,1.60234,0.09614
132,51,1,1.16162,0.046465
133,51,0,2.39733,0.14384
134,51,1,0.358248,0.229279
134,51,0,0.372706,0.238532
135,51,0,0.145764,0.008746
136,51,0,0.011504,0.007363
137,51,0,0.07435,0.047584
138,51,0,3.9e-05,2.5e-05
139,51,0,1e-06,1e-06
140,51,0,0.0,0.0
141,51,0,0.0,0.0
142,51,0,0.0,0.0
115,52,0,0.0,0.0
117,52,0,0.0,0.0
118,52,0,0.0,0.0
119,52,0,0.0,0.0
120,52,0,0.0,0.0
121,52,1,0.0,0.0
121,52,0,0.0,0.0
122,52,0,0.0,0.0
123,52,0,0.0,0.0
123,52,1,0.0,0.0
124,52,0,1e-05,7e-06
125,52,0,0.03402,0.00068
125,52,1,0.007654,0.000214
126,52,0,0.058514,0.004681
127,52,0,0.156355,0.006254
127,52,1,0.025113,0.001005
128,52,0,0.348814,0.009767
129,52,0,0.510513,0.007147
129,52,1,0.090207,0.001263
130,52,0,1.81028,0.036206
131,52,0,2.54871,0.050974
131,52,1,0.412282,0.016491
132,52,0,4.2948,0.060127
133,52,0,3.05767,0.085615
133,52,1,3.99293,0.111802
134,52,0,6.9725,0.19523
135,52,0,3.33923,0.133569
136,52,0,1.33891,0.107113
137,52,0,0.453329,0.049866
138,52,0,0.066221,0.021191
139,52,0,0.006665,0.002133
140,52,0,0.016912,0.010824
141,52,0,3.2e-05,2.1e-05
142,52,0,2e-06,1e-06
143,52,0,0.0,0.0
144,52,0,0.0,0.0
121,53,0,0.0,0.0
123,53,0,0.0,0.0
125,53,0,0.0,0.0
126,53,0,0.0,0.0
127,53,0,0.156958,0.004395
128,53,0,1e-06,1e-06
129,53,0,0.543348,0.005433
130,53,0,0.000212,0.000136
130,53,1,6.7e-05,4.3e-05
131,53,0,2.89069,0.028907
132,53,1,0.009131,0.005844
132,53,0,4.31185,2.75959
133,53,1,0.082512,0.052808
133,53,0,6.69654,4.28578
134,53,0,7.82964,0.469778
134,53,1,0.364183,0.233077
135,53,0,6.28187,0.087946
136,53,0,2.64301,0.158581
136,53,1,1.26345,0.075807
137,53,0,3.06799,0.085904
138,53,0,1.48638,0.041619
139,53,0,0.777564,0.062205
140,53,0,0.153662,0.035342
141,53,0,0.040713,0.009364
142,53,0,0.005859,0.003749
143,53,0,1.9e-05,1.2e-05
144,53,0,2e-06,1e-06
145,53,0,0.0,0.0
146,53,0,0.0,0.0
147,53,0,0.0,0.0
124,54,0,0.0,0.0
125,54,1,0.0,0.0
125,54,0,0.0,0.0
126,54,0,0.0,0.0
127,54,1,0.0,0.0
127,54,0,0.0,0.0
128,54,0,1e-06,1e-06
129,54,1,0.0,0.0
129,54,0,0.543348,0.347742
130,54,0,0.000222,3.6e-05
131,54,0,2.89069,0.014453
131,54,1,0.04047,0.000567
132,54,0,4.3131,0.015096
133,54,0,6.69909,4.28742
133,54,1,0.194746,0.124638
134,54,0,7.87208,0.03936
134,54,1,0.031897,0.020414
135,54,0,6.5385,0.045769
135,54,1,1.10156,0.015422
136,54,0,6.31272,0.022094
137,54,0,6.12832,0.061283
138,54,0,6.29685,0.088156
139,54,0,5.03877,0.100775
140,54,0,3.65384,0.073077
141,54,0,1.25198,0.035056
142,54,0,0.43922,0.026353
143,54,1,0.026472,0.016942
143,54,0,0.02649,0.016954
144,54,0,0.006051,0.000666
145,54,0,7.2e-05,2.3e-05
146,54,0,1.1e-05,3e-06
147,54,0,2e-06,1e-06
148,54,0,0.0,0.0
149,54,0,0.0,0.0
150,54,0,0.0,0.0
127,55,0,0.0,0.0
129,55,0,0.0,0.0
131,55,0,0.0,0.0
132,55,0,0.0,0.0
133,55,0,6.69909,0.023447
134,55,1,4e-06,2e-06
134,55,0,8e-06,5e-06
135,55,1,0.000245,0.000157
135,55,0,6.53899,4.18495
136,55,1,0.002769,0.001772
136,55,0,0.005538,0.003544
137,55,0,6.18832,0.030942
138,55,0,6.70757,0.046953
138,55,1,0.223374,0.024571
139,55,0,6.34464,0.063446
140,55,0,5.72416,0.080138
141,55,0,4.16842,0.058358
142,55,0,2.71719,0.076081
143,55,0,1.45457,0.040728
144,55,0,0.423453,0.025407
145,55,0,0.07569,0.006055
146,55,0,0.007651,0.000612
147,55,0,0.00224,0.001434
148,55,0,1.3e-05,8e-06
149,55,0,0.0,0.0
150,55,0,0.0,0.0
151,55,0,0.0,0.0
152,55,0,0.0,0.0
129,56,0,0.0,0.0
131,56,0,0.0,0.0
132,56,0,0.0,0.0
133,56,0,0.0,0.0
134,56,0,8e-06,0.0
135,56,1,0.0,0.0
135,56,0,6.53899,4.18495
136,56,1,0.000623,0.000398
136,56,0,0.005542,0.003547
137,56,0,6.18851,0.030943
137,56,1,5.85428,0.029271
138,56,0,6.76758,0.033838
139,56,0,6.4134,0.044894
140,56,0,6.21448,0.062145
141,56,0,5.82849,0.163198
142,56,0,5.7521,0.115042
143,56,0,5.54495,0.155259
144,56,0,4.39527,0.087905
145,56,0,1.93263,0.115958
146,56,0,0.920461,0.025773
147,56,0,0.245878,0.03934
148,56,0,0.022197,0.009989
149,56,0,0.001033,0.000661
150,56,0,5e-05,3.2e-05
151,56,0,1e-06,1e-06
152,56,0,0.0,0.0
153,56,0,0.0,0.0
154,56,0,0.0,0.0
133,57,0,0.0,0.0
135,57,0,0.0,0.0
137,57,0,0.0,0.0
138,57,0,3.2e-05,1e-06
139,57,0,6.41343,0.044894
140,57,0,6.21969,0.062197
141,57,0,5.84698,0.11694
142,57,0,5.84862,0.081881
143,57,0,5.92443,0.165884
144,57,0,5.46501,0.07651
145,57,0,3.8476,0.153904
146,57,1,0.744941,0.476762
146,57,0,1.6654,1.06586
147,57,0,0.889142,0.053349
148,57,0,0.358489,0.229433
149,57,0,0.080909,0.051782
150,57,0,0.010466,0.006698
151,57,0,0.001028,0.000658
152,57,0,4.5e-05,2.9e-05
153,57,0,1e-06,1e-06
154,57,0,0.0,0.0
155,57,0,0.0,0.0
156,57,0,0.0,0.0
157,57,0,0.0,0.0
135,58,0,0.0,0.0
137,58,0,0.0,0.0
138,58,0,1e-05,0.0
139,58,0,0.0,0.0
139,58,1,0.0,0.0
140,58,0,6.21969,0.031099
141,58,0,5.84699,0.05847
142,58,0,5.84879,0.029244
143,58,0,5.95576,0.083381
144,58,0,5.49956,0.038497
145,58,0,3.93304,0.235982
146,58,0,2.99327,0.041906
147,58,0,1.88711,0.113227
148,58,0,1.59483,0.127586
149,58,0,0.778001,0.06224
150,58,0,0.402189,0.257401
151,58,0,0.100054,0.064034
152,58,0,0.020583,0.013173
153,58,0,0.001707,0.001092
154,58,0,9.1e-05,5.8e-05
155,58,0,3e-06,2e-06
156,58,0,0.0,0.0
157,58,0,0.0,0.0
158,58,0,0.0,0.0
159,58,0,0.0,0.0
160,58,0,0.0,0.0
139,59,0,0.0,0.0
140,59,0,0.0,0.0
141,59,0,5.84699,0.05847
142,59,1,0.0,0.0
142,59,0,0.0,0.0
143,59,0,5.95576,0.04169
144,59,0,5.49956,0.027498
144,59,1,0.027511,0.000193
145,59,0,3.93337,0.027534
146,59,0,2.9969,0.020978
147,59,0,2.24666,0.516732
148,59,1,0.038861,0.024871
148,59,0,1.63369,1.04556
149,59,0,1.07482,0.064489
150,59,0,0.620526,0.068258
151,59,0,0.338613,0.108356
152,59,0,0.123135,0.078807
153,59,0,0.038451,0.024609
154,59,0,0.005112,0.003271
155,59,0,0.000676,0.000433
156,59,0,4.1e-05,2.6e-05
157,59,0,2e-06,1e-06
158,59,0,0.0,0.0
159,59,0,0.0,0.0
160,59,0,0.0,0.0
161,59,0,0.0,0.0
162,59,0,0.0,0.0
140,60,0,0.0,0.0
141,60,0,0.0,0.0
142,60,0,0.0,0.0
143,60,0,5.95576,0.020845
144,60,0,5.49957,0.019248
145,60,0,3.93337,0.013767
146,60,0,2.9969,0.010489
147,60,0,2.24673,0.031454
148,60,0,1.67354,0.005857
149,60,0,1.08162,0.030285
150,60,0,0.653249,0.003266
151,60,0,0.418124,0.016725
152,60,0,0.264119,0.010565
153,60,0,0.149398,0.023904
154,60,0,0.063133,0.020203
155,60,0,0.018214,0.011657
156,60,0,0.004743,0.003035
157,60,0,0.000486,0.000311
158,60,0,5.2e-05,3.3e-05
159,60,0,2e-06,1e-06
160,60,0,0.0,0.0
161,60,0,0.0,0.0
162,60,0,0.0,0.0
163,60,0,0.0,0.0
164,60,0,0.0,0.0
141,61,0,0.0,0.0
143,61,0,0.0,0.0
144,61,0,0.0,0.0
145,61,0,0.0,0.0
146,61,0,0.0,0.0
147,61,0,2.24673,0.022467
148,61,0,0.0,0.0
148,61,1,0.0,0.0
149,61,0,1.08163,0.021633
150,61,0,3e-05,1.9e-05
151,61,0,0.418767,0.008375
152,61,2,0.000928,0.000594
152,61,0,0.265047,0.005301
152,61,1,0.000928,0.000594
153,61,0,0.158199,0.012656
154,61,0,0.068546,0.00754
154,61,1,0.005414,0.003465
155,61,0,0.030823,0.004932
156,61,0,0.011806,0.005313
157,61,0,0.00342,0.002189
158,61,0,0.000758,0.000485
159,61,0,0.000108,6.9e-05
160,61,0,8e-06,5e-06
161,61,0,0.0,0.0
162,61,0,0.0,0.0
163,61,0,0.0,0.0
164,61,0,0.0,0.0
165,61,0,0.0,0.0
166,61,0,0.0,0.0
143,62,0,0.0,0.0
143,62,1,0.0,0.0
144,62,0,0.0,0.0
145,62,0,0.0,0.0
146,62,0,0.0,0.0
147,62,0,2.24673,0.015727
148,62,0,0.0,0.0
149,62,0,1.08163,0.010816
150,62,0,3e-05,1.9e-05
151,62,0,0.418767,0.004188
152,62,0,0.266913,0.002669
153,62,0,0.158279,0.006331
154,62,0,0.074434,0.000744
155,62,0,0.032133,0.002571
156,62,0,0.014837,0.001187
157,62,0,0.006087,0.000974
158,62,0,0.003156,0.00101
159,62,0,0.00085,0.000382
160,62,0,0.000219,0.00014
161,62,0,2.9e-05,1.8e-05
162,62,0,2e-06,1e-06
163,62,0,0.0,0.0
164,62,0,0.0,0.0
165,62,0,0.0,0.0
166,62,0,0.0,0.0
167,62,0,0.0,0.0
168,62,0,0.0,0.0
170,62,0,0.0,0.0
147,63,0,0.0,0.0
149,63,0,0.0,0.0
151,63,0,0.418767,0.004188
152,63,2,0.0,0.0
152,63,0,0.0,0.0
152,63,1,0.0,0.0
153,63,0,0.158279,0.004432
154,63,1,0.0,0.0
154,63,0,0.0,0.0
155,63,0,0.032136,0.001285
156,63,0,0.014853,0.000594
157,63,0,0.00615,0.000492
158,63,0,0.003285,0.000526
159,63,0,0.001005,0.000111
160,63,0,0.000309,0.000139
161,63,0,7.4e-05,2.4e-05
162,63,0,9e-06,6e-06
163,63,0,2e-06,1e-06
164,63,0,0.0,0.0
165,63,0,0.0,0.0
166,63,0,0.0,0.0
167,63,0,0.0,0.0
168,63,0,0.0,0.0
169,63,0,0.0,0.0
170,63,0,0.0,0.0
147,64,0,0.0,0.0
149,64,0,0.0,0.0
151,64,0,0.0,0.0
152,64,0,0.0,0.0
153,64,0,0.0,0.0
154,64,0,0.0,0.0
155,64,0,0.032136,0.001285
156,64,0,0.014853,0.000416
157,64,0,0.006151,0.000492
158,64,0,0.003286,0.000361
159,64,0,0.001009,6.1e-05
160,64,0,0.000319,0.000102
161,64,0,8.5e-05,7e-06
162,64,0,1.6e-05,1e-05
163,64,0,6e-06,4e-06
164,64,0,2e-06,1e-06
165,64,0,1e-06,0.0
166,64,0,0.0,0.0
167,64,0,0.0,0.0
168,64,0,0.0,0.0
169,64,0,0.0,0.0
170,64,0,0.0,0.0
171,64,0,0.0,0.0
172,64,0,0.0,0.0
151,65,0,0.0,0.0
153,65,0,0.0,0.0
155,65,0,0.0,0.0
156,65,0,0.0,0.0
156,65,1,0.0,0.0
157,65,0,0.0,0.0
158,65,0,0.0,0.0
158,65,1,0.0,0.0
159,65,0,0.001009,6.1e-05
160,65,0,0.0,0.0
161,65,0,8.5e-05,3e-06
162,65,0,1.5e-05,7e-06
162,65,1,0.0,0.0
163,65,0,6e-06,3e-06
164,65,0,2e-06,1e-06
165,65,0,1e-06,1e-06
166,65,0,0.0,0.0
167,65,0,0.0,0.0
168,65,0,0.0,0.0
169,65,0,0.0,0.0
170,65,0,0.0,0.0
171,65,0,0.0,0.0
172,65,0,0.0,0.0
155,66,0,0.0,0.0
156,66,0,0.0,0.0
157,66,0,0.0,0.0
158,66,0,0.0,0.0
159,66,0,0.0,0.0
160,66,0,0.0,0.0
161,66,0,8.5e-05,3e-06
162,66,0,1.6e-05,5e-06
163,66,0,6e-06,2e-06
164,66,0,2e-06,1e-06
165,66,0,1e-06,0.0
165,66,1,0.0,0.0
166,66,0,0.0,0.0
167,66,0,0.0,0.0
168,66,0,0.0,0.0
169,66,0,0.0,0.0
170,66,0,0.0,0.0
171,66,0,0.0,0.0
172,66,0,0.0,0.0
159,67,0,0.0,0.0
159,67,1,0.0,0.0
161,67,0,0.0,0.0
161,67,1,0.0,0.0
162,67,0,0.0,0.0
162,67,1,0.0,0.0
163,67,0,0.0,0.0
163,67,1,0.0,0.0
164,67,0,0.0,0.0
164,67,1,0.0,0.0
165,67,0,1e-06,0.0
166,67,0,0.0,0.0
166,67,1,0.0,0.0
167,67,0,0.0,0.0
168,67,0,0.0,0.0
169,67,0,0.0,0.0
170,67,0,0.0,0.0
170,67,1,0.0,0.0
171,67,0,0.0,0.0
172,67,0,0.0,0.0
161,68,0,0.0,0.0
162,68,0,0.0,0.0
163,68,0,0.0,0.0
164,68,0,0.0,0.0
165,68,0,0.0,0.0
166,68,0,0.0,0.0
167,68,0,0.0,0.0
167,68,1,0.0,0.0
168,68,0,0.0,0.0
169,68,0,0.0,0.0
170,68,0,0.0,0.0
171,68,0,0.0,0.0
172,68,0,0.0,0.0
165,69,0,0.0,0.0
166,69,0,0.0,0.0
167,69,0,0.0,0.0
168,69,0,0.0,0.0
169,69,0,0.0,0.0
170,69,0,0.0,0.0
171,69,0,0.0,0.0
172,69,0,0.0,0.0
166,70,0,0.0,0.0
167,70,0,0.0,0.0
168,70,0,0.0,0.0
169,70,0,0.0,0.0
169,70,1,0.0,0.0
170,70,0,0.0,0.0
171,70,0,0.0,0.0
172,70,0,0.0,0.0
169,71,0,0.0,0.0
169,71,1,0.0,0.0
171,71,0,0.0,0.0
171,71,1,0.0,0.0
172,71,0,0.0,0.0
172,71,1,0.0,0.0
171,72,0,0.0,0.0
172,72,0,0.0,0.0
